sentence,head,tail,relation_predicted,relation_true,correct_detailed,relation_true_simplified,relation_predicted_simplified,correct_simplified
"In 2017, Assange also promised to provide evidence to then-Congressman Dana Rohrabacher that Russia was not his source, but only in exchange for protection from U.S. authorities.",Assange,Dana Rohrabacher,neutral1,neutral1,True,neutral,neutral,True
"Shugart identified Crocus City Hall as a potential location, and was impressed to learn that Emin Agalarov's father owned the venue.",Shugart,Emin Agalarov,positive1,positive1,True,positive,positive,True
Bannon and Donald Trump enjoyed trash-talking McMaster together.,Donald Trump,McMaster,negative1,negative1,True,negative,negative,True
"But instead of being shown an early exit, one person in the Trump administration said, Esper could just face an icing out.",Esper,Trump administration,negative1,negative2,False,negative,negative,True
"At one point, Cohen floated the idea of a Trump-Cohen statewide ticket, an idea Caputo considered as absurd as Cohen running for mayor.",Cohen,Trump,negative1,positive2,False,positive,negative,False
"Jarvanka planned to hire Anthony Scaramucci, aka “the Mooch.”",Jarvanka,Scaramucci,neutral1,positive1,False,positive,neutral,False
"In April 2016, Assange and WikiLeaks criticized the release of information in the Panama Papers as a ""Putin attack [that] was produced by OCCRP which targets Russia & former USSR and was funded by USAID & Soros,"" a frequent refrain in Russian state-sponsored influence operations.",Soros,OCCRP,neutral2,positive1,False,positive,neutral,False
"Following the election, Aras Agalarov showed signs of continued interest in demonstrating his relationship with Trump.",Aras Agalarov,Trump,neutral1,positive1,False,positive,neutral,False
"(Trump had long been competitive with and in awe of the Las Vegas gaming mogul Steve Wynn, whom Trump would name finance chairman of the RNC.)",Trump,Steve Wynn,positive1,positive1,True,positive,positive,True
"In sum, the investigation established that the GRU hacked into email accounts of persons affiliated with the Clinton Campaign, as well as the computers of the DNC and DCCC.",GRU,DNC,negative1,negative1,True,negative,negative,True
"Sater stated that he knows Fuks ""really well"" and that they had ""numerous"" discussions ""in Moscow, then in New York"" over several years about a potential Trump deal.",Sater,Fuks,positive1,positive1,True,positive,positive,True
"As reflected in the notes, Donald Trump told Miller that the letter should start, ""While I greatly appreciate James Comey informing me that I am not under investigation concerning what I have often stated is a fabricated story on a Trump-Russia relationship - pertaining to the 2016 presidential election, please be informed that I, and I believe the American public - including Ds and Rs - have lost faith in you as Director of the FBT.""",Donald Trump,James Comey,negative1,negative1,True,negative,negative,True
"Two days later, Donald Trump Jr. tweeted the link himself: ""For those who have the time to read about all the corruption and hypocrisy all the @wikileaks emails are right here: wlsearch.tk.""",Donald Trump Jr.,WikiLeaks,negative1,positive1,False,positive,negative,False
Multiple individuals affiliated with the Trump Campaign also promoted IRA tweets (discussed below).,individuals affiliated with the Trump Campaign,IRA,neutral1,positive1,False,positive,neutral,False
"According to Beniaminov, attendees at the dinner included Aras Agalarov, Donald Trump, Aras Agalarov's wife and daughter, Emin Agalarov, Emin Agalarov's friends Murad and Timur Beniaminov, Roman Beniaminov (no relation), Rob Goldstone, Goldstone and Agalarov's associate Murtaza Akbar, Trump Organization employees Keith Schiller and Michael Cohen, Miss Universe employee Esther Swan, former-Miss Universe Olivia Culpo, and others.",Emin Agalarov,Murad,positive2,positive2,True,positive,positive,True
"Throughout the 2016 U.S. presidential campaign, RT and Sputnik used their social media accounts to push WikiLeaks-related content that disparaged Hillary Clinton.",RT,Hillary Clinton,negative1,negative1,True,negative,negative,True
X- Tunnel was a hacking tool that created an encrypted connection between the victim DCCC/DNC computers and GRU-controlled computers outside the DCCC and DNC networks that was capable of large-scale data transfers.,GRU,DNC,negative1,negative1,True,negative,negative,True
"However, Corsi said that Stone was concerned about having advance information about the Podesta release, and that Stone recruited Corsi to make sure no one knew Stone had advance knowledge of that information.",Stone,Corsi,neutral1,positive1,False,positive,neutral,False
The Carter Page went off topic with effusive praise for Russian President Vladimir Putin and Trump.,Carter PAGE,Vladimir PUTIN,positive1,positive1,True,positive,positive,True
"Carter Page set up Global Energy Capital, which is around the corner from Trump Tower.",Carter PAGE,Global Energy Capital,neutral1,positive2,False,positive,neutral,False
Martafort claimed that Kilimnik came to Madrid to update him on the work of the National Anti-Corruption Bureau related to the ledger,Kilimnik,Martafort,neutral1,neutral1,True,neutral,neutral,True
"“I really want to thank Steve Bannon for trying to step in,” Manafort said.",Manafort,Steve Bannon,positive1,positive1,True,positive,positive,True
DC Leak Account is ready to support WikiLeaks.,DC Leak Account,WikiLeaks,positive1,positive1,True,positive,positive,True
The Jarvanka side believed that Bannon was the source.,Jarvanka,Bannon,negative1,negative2,False,negative,negative,True
Manafort responded by instructing Kilimnik to 'tell V boss that if he needs private briefings we can accommodate.',Manafort,Kilimnik,neutral1,neutral1,True,neutral,neutral,True
Issues related to Manafort's historical involvement with Deripaska and the PoR continued through Manafort's entry into the Trump Campaign in 2016.,Manafort,Deripaska,neutral1,neutral2,False,neutral,neutral,True
"Throughout the 2016 U.S. presidential campaign, RT and Sputnik used their social media accounts to push WikiLeaks-related content that disparaged Hillary Clinton.",Sputnik,WikiLeaks,positive2,positive1,False,positive,positive,True
"On April 22, 2016, the GRU copied files from the DNC network to GRU-controlled computers.",GRU,DNC,negative1,negative1,True,negative,negative,True
"Before the first meeting about the New York governor’s race, Caputo said Roger Stone, then Trump’s political adviser, warned him that Cohen was “mercurial — you don’t want to get on his bad side.",Roger Stone,Trump,neutral2,positive1,False,positive,neutral,False
"Donald Trump has accused Mr Comey, without evidence, of illegally having classified information shared with The New York Times in a memo that Mr Comey wrote about his interactions with Donald Trump.",Comey,Donald Trump,none,neutral2,False,neutral,none,False
"In an email to Patten responding to the public revelation of Kilimnik's campaign correspondence with Manafort, Kilimnik suggested that the Russians were ""idiots"" who were ""too disorganized"" to conduct such interference and that they ""distrusted"" Manafort too much to use him in any election meddling.",Russia,Manafort,negative1,negative1,True,negative,negative,True
"McFaul, who reviewed Page’s early July speech in Moscow, said he disagreed with the content and added that he knew of no precedent for a presidential campaign adviser publicly criticizing U.S. policy in a foreign capital.",McFaul,Page,negative1,negative1,True,negative,negative,True
"According to Beniaminov, attendees at the dinner included Aras Agalarov, Donald Trump, Aras Agalarov's wife and daughter, Emin Agalarov, Emin Agalarov's friends Murad and Timur Beniaminov, Roman Beniaminov (no relation), Rob Goldstone, Goldstone and Agalarov's associate Murtaza Akbar, Trump Organization employees Keith Schiller and Michael Cohen, Miss Universe employee Esther Swan, former-Miss Universe Olivia Culpo, and others.",Keith Schiller,Emin Agalarov,none,neutral2,False,neutral,none,False
"On September 2, 2016, Smith directed a business associate to establish KLS Research LLC in furtherance of his search for the deleted Clinton emails.",Smith,KLS Research LLC,neutral1,positive2,False,positive,neutral,False
"At the time, Stone said he did not know what else would come out or when, but he agreed to follow up, although he did not say when he would do so.",Stone,WikiLeaks,none,neutral1,False,neutral,none,False
"The investigation also established that the Trump Campaign displayed interest in the WikiLeaks releases, and that []",Trump Campaign,WikiLeaks,neutral1,positive1,False,positive,neutral,False
"""Gov. Newsom deserves an A plus, right along with the governor of Washington state, and Andrew Cuomo,"" Eshoo said. ""This has become a self-help undertaking, and that should not be the case.... I think he has risen to the occasion.""",Eshoo,Andrew Cuomo,positive1,positive1,True,positive,positive,True
"Representing the status quo—and, ideally, a surge on top of the status quo—was H. R. McMaster, who, next to Jarvanka, had become Bannon’s prime target for abuse.",Bannon,H. R. McMaster,negative1,negative1,True,negative,negative,True
"According to Beniaminov, attendees at the dinner included Aras Agalarov, Donald Trump, Aras Agalarov's wife and daughter, Emin Agalarov, Emin Agalarov's friends Murad and Timur Beniaminov, Roman Beniaminov (no relation), Rob Goldstone, Goldstone and Agalarov's associate Murtaza Akbar, Trump Organization employees Keith Schiller and Michael Cohen, Miss Universe employee Esther Swan, former-Miss Universe Olivia Culpo, and others.",Olivia Culpo,Michael Cohen,none,neutral2,False,neutral,none,False
"Mr Trump stoked Mr Trump enmity for Mrs Clinton during the campaign, suggesting during a presidential debate that Mr Trump would prosecute Mrs Clinton if Mr Trump was elected president.",Trump,Clinton,negative1,negative1,True,negative,negative,True
"Since Roger Stone was all over national TV, cable and print defending wikileaks and assange against the claim that you are Russian agents and debunking the false charges of sexual assault as trumped up bs you may want to rexamine [sic] the strategy of attacking Roger Stone.",Roger Stone,Assange,positive1,positive1,True,positive,positive,True
"Shugart recalled that Trump told her she was ""finally introducing him to the people he needed to be meeting.""",Trump,Shugart,positive1,positive1,True,positive,positive,True
"In June 2014, four IRA employees applied to the U.S. Department of State to enter the United States, while lying about the purpose of their trip and claiming to be four friends who had met at a party.",IRA employees,U.S. Department of State,negative1,negative1,True,negative,negative,True
"It was another reason for Trump to distrust and hate the FBI, a pernicious tease that left them dangling.",Trump,the FBI,negative1,negative2,False,negative,negative,True
Gates stated that Kilimnik was well connected in Russia and Ukraine and could obtain information easily.,Kilimnik,Russia,neutral1,positive2,False,positive,neutral,False
"According to Gates, the Ukrainian oligarchs, particularly Akhmetov and Lyovochkin, continued to owe Manafort approximately $2.4 million.",Akhmetov,Manafort,neutral1,negative2,False,negative,neutral,False
"Later on June 24, Shugart responded to Graffs email, writing, ""I have no idea, I'm finding out now.""",Shugart,Graff,neutral1,neutral1,True,neutral,neutral,True
IRA-purchased advertisements referencing candidate Trump largely supported his campaign.,IRA,Trump,positive1,positive1,True,positive,positive,True
It was the establishment and never-Trumpers against the America-first Trumpkins.,never-Trumpers,America-first Trumpkins,negative2,negative2,True,negative,negative,True
"According to Beniaminov, attendees at the dinner included Aras Agalarov, Donald Trump, Aras Agalarov's wife and daughter, Emin Agalarov, Emin Agalarov's friends Murad and Timur Beniaminov, Roman Beniaminov (no relation), Rob Goldstone, Goldstone and Agalarov's associate Murtaza Akbar, Trump Organization employees Keith Schiller and Michael Cohen, Miss Universe employee Esther Swan, former-Miss Universe Olivia Culpo, and others.",Emin Agalarov,Murtaza Akbar,neutral1,neutral2,False,neutral,neutral,True
